station,lat,lon,prec_no,block_no
稚内,45.415,141.6783,11,47401
北見枝幸,44.94,142.585,11,47402
旭川,43.7567,142.3717,12,47407
羽幌,44.3633,141.7,13,47404
留萌,43.945,141.6317,13,47406
札幌,43.06,141.3283,14,47412
岩見沢,43.2117,141.785,15,47413
小樽,43.1817,141.015,16,47411
寿都,42.795,140.2233,16,47421
倶知安,42.9,140.7567,16,47433
雄武,44.58,142.9633,17,47405
網走,44.0167,144.2783,17,47409
紋別,44.345,143.355,17,47435
根室,43.33,145.585,18,47420
釧路,42.985,144.3767,19,47418
帯広,42.9217,143.2117,20,47417
広尾,42.2933,143.3167,20,47440
室蘭,42.3117,140.975,21,47423
苫小牧,42.6233,141.5467,21,47424
浦河,42.1617,142.7767,22,47426
函館,41.8167,140.7533,23,47430
江差,41.8667,140.1233,24,47428
深浦,40.645,139.9317,31,47574
青森,40.8217,140.7683,31,47575
むつ,41.2833,141.21,31,47576
八戸,40.5267,141.5217,31,47581
秋田,39.7167,140.0983,32,47582
大船渡,39.0633,141.7133,33,47512
盛岡,39.6983,141.165,33,47584
宮古,39.6467,141.965,33,47585
仙台,38.2617,140.8967,34,47590
石巻,38.4267,141.2983,34,47592
新庄,38.7567,140.3117,35,47520
酒田,38.9083,139.8433,35,47587
山形,38.255,140.345,35,47588
若松,37.4883,139.91,36,47570
福島,37.7583,140.47,36,47595
白河,37.1317,140.215,36,47597
小名浜,36.9467,140.9033,36,47598
水戸,36.38,140.4667,40,47629
つくば（館野）,36.0567,140.125,40,47646
宇都宮,36.5483,139.8683,41,47615
奥日光（日光）,36.7383,139.5,41,47690
前橋,36.405,139.06,42,47624
熊谷,36.15,139.38,43,47626
秩父,35.99,139.0733,43,47641
東京,35.6917,139.75,44,47662
大島,34.7483,139.3617,44,47675
三宅島,34.1233,139.52,44,47677
八丈島,33.1217,139.7783,44,47678
父島,27.0917,142.19,44,47971
南鳥島,24.2883,153.9833,44,47991
銚子,35.7383,140.8567,45,47648
館山,34.9867,139.865,45,47672
勝浦,35.15,140.3117,45,47674
千葉,35.6017,140.1033,45,47682
横浜,35.4383,139.6517,46,47670
長野,36.6617,138.1917,48,47610
松本,36.2467,137.97,48,47618
諏訪,36.045,138.1083,48,47620
軽井沢,36.3417,138.5467,48,47622
飯田,35.5233,137.8217,48,47637
甲府,35.6667,138.5533,49,47638
富士山,35.36,138.7267,49,47639
河口湖,35.5,138.76,49,47640
浜松,34.7533,137.7117,50,47654
御前崎,34.6033,138.2133,50,47655
静岡,34.975,138.4033,50,47656
三島,35.1133,138.925,50,47657
石廊崎,34.6033,138.8417,50,47666
網代,35.045,139.0917,50,47668
名古屋,35.1667,136.965,51,47636
伊良湖,34.6283,137.0933,51,47653
高山,36.155,137.2533,52,47617
岐阜,35.4,136.7617,52,47632
上野,34.7617,136.1417,53,47649
津,34.7333,136.5183,53,47651
尾鷲,34.0683,136.1933,53,47663
四日市,34.94,136.58,53,47684
相川,38.0283,138.24,54,47602
新潟,37.8933,139.0183,54,47604
高田,37.1067,138.2467,54,47612
伏木,36.7917,137.055,55,47606
富山,36.7083,137.2017,55,47607
輪島,37.39,136.895,56,47600
金沢,36.5883,136.6333,56,47605
福井,36.055,136.2217,57,47616
敦賀,35.6533,136.0617,57,47631
伊吹山,35.4183,136.4133,60,47751
彦根,35.275,136.2433,60,47761
舞鶴,35.45,135.3167,61,47750
京都,35.0133,135.7317,61,47759
大阪,34.6817,135.5183,62,47772
豊岡,35.535,134.8217,63,47747
姫路,34.8383,134.67,63,47769
神戸,34.6967,135.2117,63,47770
洲本,34.31,134.8483,63,47776
奈良,34.6733,135.8367,64,47780
和歌山,34.2283,135.1633,65,47777
潮岬,33.45,135.7567,65,47778
津山,35.0633,134.0083,66,47756
岡山,34.685,133.925,66,47768
広島,34.3983,132.4617,67,47765
呉,34.24,132.55,67,47766
福山,34.4467,133.2467,67,47767
西郷,36.2033,133.3333,68,47740
松江,35.4567,133.065,68,47741
浜田,34.8967,132.07,68,47755
境,35.5433,133.235,69,47742
米子,35.4333,133.3383,69,47744
鳥取,35.4867,134.2383,69,47746
剣山,33.8533,134.0967,71,47894
徳島,34.0667,134.5733,71,47895
多度津,34.275,133.7517,72,47890
高松,34.3183,134.0533,72,47891
松山,33.8433,132.7767,73,47887
宇和島,33.2267,132.5517,73,47892
高知,33.5667,133.5483,74,47893
宿毛,32.905,132.7167,74,47897
清水,32.7217,133.01,74,47898
室戸岬,33.2517,134.1767,74,47899
萩,34.41,131.405,81,47754
下関,33.9483,130.925,81,47762
山口,34.1617,131.4617,81,47784
福岡,33.5817,130.375,82,47807
飯塚,33.6517,130.6933,82,47809
日田,33.3217,130.9283,83,47814
大分,33.235,131.6183,83,47815
厳原,34.1967,129.2917,84,47800
平戸,33.36,129.55,84,47805
佐世保,33.1583,129.7267,84,47812
長崎,32.7333,129.8667,84,47817
雲仙岳,32.7367,130.2617,84,47818
福江,32.6933,128.8267,84,47843
佐賀,33.265,130.305,85,47813
熊本,32.8133,130.7067,86,47819
阿蘇山,32.88,131.0733,86,47821
人吉,32.2167,130.755,86,47824
牛深,32.1967,130.0267,86,47838
延岡,32.5817,131.6567,87,47822
都城,31.73,131.0817,87,47829
宮崎,31.9383,131.4133,87,47830
油津,31.5783,131.4067,87,47835
阿久根,32.0267,130.2,88,47823
鹿児島,31.555,130.5467,88,47827
枕崎,31.2717,130.2917,88,47831
屋久島,30.385,130.6583,88,47836
種子島,30.72,130.9817,88,47837
名瀬,28.385,129.4933,88,47909
沖永良部,27.4317,128.705,88,47942
与那国島,24.4667,123.01,91,47912
西表島,24.4267,123.765,91,47917
石垣島,24.3367,124.1633,91,47918
宮古島,24.7933,125.2783,91,47927
久米島,26.3367,126.8033,91,47929
那覇,26.2067,127.6867,91,47936
名護,26.5933,127.965,91,47940
南大東（南大東島）,25.8283,131.2283,91,47945
