station,datetime,temperature,precipitation,wind_speed,wind_direction,pressure,weather_code
鹿児島,2025-08-14 00:00:00,29.0,0.0,2.1,北北東,1013.2,2
鹿児島,2025-08-14 01:00:00,28.4,0.0,1.4,北北西,1012.9,2
鹿児島,2025-08-14 02:00:00,28.2,0.0,2.7,北北東,1012.8,2
鹿児島,2025-08-14 03:00:00,27.7,0.0,1.3,北,1012.9,2
鹿児島,2025-08-14 04:00:00,27.1,0.0,1.8,北北西,1013.0,2
鹿児島,2025-08-14 05:00:00,26.8,0.0,2.0,北北西,1013.0,2
鹿児島,2025-08-14 06:00:00,26.8,0.0,2.1,北,1013.4,2
鹿児島,2025-08-14 07:00:00,27.6,0.0,1.6,北,1013.7,2
鹿児島,2025-08-14 08:00:00,28.9,0.0,1.6,北北東,1013.7,2
鹿児島,2025-08-14 09:00:00,29.5,0.0,1.8,北東,1013.8,2
鹿児島,2025-08-14 10:00:00,31.5,0.0,2.8,東南東,1013.7,2
鹿児島,2025-08-14 11:00:00,31.8,0.0,2.9,南南東,1013.5,2
鹿児島,2025-08-14 12:00:00,31.9,0.0,2.2,南東,1012.8,2
鹿児島,2025-08-14 13:00:00,33.6,0.0,3.0,南東,1012.5,2
鹿児島,2025-08-14 14:00:00,34.1,0.0,3.1,南,1012.2,2
鹿児島,2025-08-14 15:00:00,32.7,0.0,3.8,南南東,1012.0,2
鹿児島,2025-08-14 16:00:00,34.0,0.0,4.4,西北西,1011.9,2
鹿児島,2025-08-14 17:00:00,33.3,0.0,4.6,西北西,1011.6,15
鹿児島,2025-08-14 18:00:00,31.4,0.0,5.2,西北西,1011.9,2
鹿児島,2025-08-14 19:00:00,30.8,0.0,3.3,西北西,1012.2,15
鹿児島,2025-08-14 20:00:00,30.3,0.0,3.5,西,1012.1,4
鹿児島,2025-08-14 21:00:00,30.1,0.0,2.9,北西,1012.9,4
鹿児島,2025-08-14 22:00:00,30.1,0.0,1.7,北西,1012.8,4
鹿児島,2025-08-14 23:00:00,29.4,0.0,2.4,北西,1012.4,4
鹿児島,2025-08-15 00:00:00,29.1,0.0,2.0,北西,1012.2,2
鹿児島,2025-08-15 01:00:00,28.7,0.0,2.4,北北西,1011.7,4
鹿児島,2025-08-15 02:00:00,28.4,0.0,1.7,北北西,1011.6,4
鹿児島,2025-08-15 03:00:00,28.4,0.0,2.4,北,1011.6,2
鹿児島,2025-08-15 04:00:00,28.0,0.0,1.3,北,1011.6,2
鹿児島,2025-08-15 05:00:00,27.7,0.0,1.1,北北西,1011.7,2
鹿児島,2025-08-15 06:00:00,27.9,0.0,1.1,北東,1012.1,2
鹿児島,2025-08-15 07:00:00,28.3,0.0,1.2,北,1012.4,2
鹿児島,2025-08-15 08:00:00,29.0,0.0,2.2,北東,1012.4,2
鹿児島,2025-08-15 09:00:00,29.8,0.0,2.8,北北東,1012.5,2
鹿児島,2025-08-15 10:00:00,31.4,0.0,1.1,北北東,1012.4,2
鹿児島,2025-08-15 11:00:00,32.2,0.0,2.8,東南東,1011.8,2
鹿児島,2025-08-15 12:00:00,32.1,0.0,2.7,南東,1011.3,2
鹿児島,2025-08-15 13:00:00,33.6,0.0,2.0,南東,1011.0,2
鹿児島,2025-08-15 14:00:00,33.9,0.0,2.9,南南東,1010.5,15
鹿児島,2025-08-15 15:00:00,34.2,0.0,2.7,南東,1010.0,2
鹿児島,2025-08-15 16:00:00,33.1,0.0,3.6,南東,1009.7,2
鹿児島,2025-08-15 17:00:00,32.4,0.0,3.0,東南東,1009.4,4
鹿児島,2025-08-15 18:00:00,31.8,0.0,3.3,東南東,1009.4,4
鹿児島,2025-08-15 19:00:00,31.4,0.0,1.6,東南東,1009.8,2
鹿児島,2025-08-15 20:00:00,31.4,0.0,1.6,西南西,1010.3,2
鹿児島,2025-08-15 21:00:00,30.7,0.0,2.6,南,1010.9,4
鹿児島,2025-08-15 22:00:00,30.1,0.0,3.4,南南東,1010.7,4
鹿児島,2025-08-15 23:00:00,29.7,0.0,3.4,南南東,1010.6,2
鹿児島,2025-08-16 00:00:00,29.5,0.0,2.4,南南東,1010.5,2
鹿児島,2025-08-16 01:00:00,29.2,0.0,1.9,南南東,1010.0,2
鹿児島,2025-08-16 02:00:00,28.9,0.0,1.8,南南東,1009.9,2
鹿児島,2025-08-16 03:00:00,28.6,0.0,1.8,北西,1010.0,2
鹿児島,2025-08-16 04:00:00,28.2,0.0,1.5,北西,1010.4,2
鹿児島,2025-08-16 05:00:00,28.0,0.0,1.3,北北西,1010.7,2
鹿児島,2025-08-16 06:00:00,27.7,0.0,1.8,北北西,1011.1,2
鹿児島,2025-08-16 07:00:00,28.2,0.0,1.2,北北東,1011.0,2
鹿児島,2025-08-16 08:00:00,29.1,0.0,1.7,北東,1011.1,2
鹿児島,2025-08-16 09:00:00,30.2,0.0,2.4,東,1011.2,2
鹿児島,2025-08-16 10:00:00,31.0,0.0,1.9,東,1011.1,2
鹿児島,2025-08-16 11:00:00,31.9,0.0,2.1,南東,1011.0,2
鹿児島,2025-08-16 12:00:00,32.5,0.0,3.0,南南東,1010.6,2
鹿児島,2025-08-16 13:00:00,34.4,0.0,2.7,南南東,1010.1,2
鹿児島,2025-08-16 14:00:00,34.3,0.0,3.9,南,1009.8,2
鹿児島,2025-08-16 15:00:00,33.6,0.0,4.2,南東,1009.5,2
鹿児島,2025-08-16 16:00:00,33.4,0.0,2.9,西南西,1009.8,2
鹿児島,2025-08-16 17:00:00,31.0,0.0,3.9,西北西,1010.0,15
鹿児島,2025-08-16 18:00:00,30.9,0.0,2.8,西北西,1010.4,4
鹿児島,2025-08-16 19:00:00,30.5,0.0,2.2,北西,1010.3,15
鹿児島,2025-08-16 20:00:00,30.2,0.0,1.9,北西,1010.9,2
鹿児島,2025-08-16 21:00:00,29.7,0.0,2.1,東北東,1010.9,2
鹿児島,2025-08-16 22:00:00,29.5,0.0,2.0,北東,1011.2,2
鹿児島,2025-08-16 23:00:00,28.9,0.0,2.1,北東,1011.3,2
鹿児島,2025-08-17 00:00:00,28.7,0.0,1.8,北東,1011.2,2
鹿児島,2025-08-17 01:00:00,28.4,0.0,2.2,北東,1011.2,2
鹿児島,2025-08-17 02:00:00,28.0,0.0,1.7,北,1011.3,2
鹿児島,2025-08-17 03:00:00,27.9,0.0,2.2,北北東,1011.4,2
鹿児島,2025-08-17 04:00:00,28.0,0.0,2.4,北北東,1011.5,2
鹿児島,2025-08-17 05:00:00,27.9,0.0,2.3,北東,1011.9,2
鹿児島,2025-08-17 06:00:00,27.9,0.0,2.4,北北東,1012.1,2
鹿児島,2025-08-17 07:00:00,28.2,0.0,1.8,北北東,1012.5,2
鹿児島,2025-08-17 08:00:00,28.7,0.0,1.5,北東,1012.5,2
鹿児島,2025-08-17 09:00:00,30.7,0.0,2.3,東,1012.5,2
鹿児島,2025-08-17 10:00:00,31.0,0.0,1.8,東南東,1012.6,2
鹿児島,2025-08-17 11:00:00,32.3,0.0,2.3,南東,1012.7,2
鹿児島,2025-08-17 12:00:00,33.7,0.0,3.1,東南東,1012.5,2
鹿児島,2025-08-17 13:00:00,32.4,0.0,3.1,南南東,1012.0,2
鹿児島,2025-08-17 14:00:00,34.0,0.0,3.8,南南東,1011.6,15
鹿児島,2025-08-17 15:00:00,31.0,0.0,2.9,南南東,1011.6,15
鹿児島,2025-08-17 16:00:00,28.6,2.5,2.1,西北西,1011.6,15
鹿児島,2025-08-17 17:00:00,30.5,0.0,2.4,北西,1012.3,2
鹿児島,2025-08-17 18:00:00,29.9,0.0,2.0,北西,1012.1,4
鹿児島,2025-08-17 19:00:00,29.2,0.0,1.9,北西,1011.9,2
鹿児島,2025-08-17 20:00:00,29.1,0.0,1.4,北北西,1012.0,2
鹿児島,2025-08-17 21:00:00,28.7,0.0,1.8,北東,1012.2,2
鹿児島,2025-08-17 22:00:00,28.6,0.0,2.4,北東,1012.5,2
鹿児島,2025-08-17 23:00:00,28.1,0.0,3.4,北北東,1012.7,2
鹿児島,2025-08-18 00:00:00,28.2,0.0,2.7,北北東,1012.9,2
鹿児島,2025-08-18 01:00:00,27.8,0.0,1.5,北北東,1012.6,2
鹿児島,2025-08-18 02:00:00,27.3,0.0,1.9,北北西,1012.5,2
鹿児島,2025-08-18 03:00:00,26.8,0.0,1.4,北北西,1012.5,2
鹿児島,2025-08-18 04:00:00,26.4,0.0,2.7,北北西,1012.6,2
鹿児島,2025-08-18 05:00:00,26.5,0.0,2.0,北,1012.7,2
鹿児島,2025-08-18 06:00:00,26.5,0.0,2.7,北,1013.1,2
鹿児島,2025-08-18 07:00:00,27.0,0.0,2.3,北,1013.2,2
鹿児島,2025-08-18 08:00:00,28.3,0.0,2.2,北東,1013.7,2
鹿児島,2025-08-18 09:00:00,30.0,0.0,2.1,北東,1013.5,2
鹿児島,2025-08-18 10:00:00,30.7,0.0,2.6,東北東,1013.1,2
鹿児島,2025-08-18 11:00:00,32.1,0.0,3.2,東,1012.8,2
鹿児島,2025-08-18 12:00:00,33.1,0.0,2.6,東南東,1012.2,2
鹿児島,2025-08-18 13:00:00,32.6,0.0,3.8,南南東,1011.8,2
鹿児島,2025-08-18 14:00:00,33.6,0.0,3.2,南,1011.2,2
鹿児島,2025-08-18 15:00:00,33.8,0.0,3.7,南,1010.6,2
鹿児島,2025-08-18 16:00:00,33.6,0.0,3.9,南,1010.4,2
鹿児島,2025-08-18 17:00:00,32.0,0.0,4.6,南南東,1010.8,2
鹿児島,2025-08-18 18:00:00,31.8,0.0,3.3,西,1011.1,2
鹿児島,2025-08-18 19:00:00,30.6,0.0,3.2,西,1011.7,2
鹿児島,2025-08-18 20:00:00,30.0,0.0,2.3,西北西,1012.2,2
鹿児島,2025-08-18 21:00:00,30.0,0.0,1.2,北西,1012.7,2
鹿児島,2025-08-18 22:00:00,29.6,0.0,0.5,東南東,1012.7,2
鹿児島,2025-08-18 23:00:00,28.9,0.0,2.2,北北西,1012.4,2
鹿児島,2025-08-19 00:00:00,28.6,0.0,2.1,北北西,1012.3,2
鹿児島,2025-08-19 01:00:00,28.3,0.0,1.7,北北西,1011.5,2
鹿児島,2025-08-19 02:00:00,28.3,0.0,1.3,北北東,1010.8,2
鹿児島,2025-08-19 03:00:00,27.9,0.0,1.8,北,1010.6,2
鹿児島,2025-08-19 04:00:00,27.2,0.0,2.6,北,1010.7,2
鹿児島,2025-08-19 05:00:00,27.6,0.0,2.0,北北東,1010.8,2
鹿児島,2025-08-19 06:00:00,27.5,0.0,2.6,北北東,1011.3,2
鹿児島,2025-08-19 07:00:00,28.0,0.0,2.0,北北東,1011.6,2
鹿児島,2025-08-19 08:00:00,29.2,0.0,1.6,北北東,1011.7,2
鹿児島,2025-08-19 09:00:00,30.3,0.0,1.7,東南東,1012.2,2
鹿児島,2025-08-19 10:00:00,31.1,0.0,1.9,東南東,1011.7,2
鹿児島,2025-08-19 11:00:00,31.1,0.0,2.8,南東,1011.4,2
鹿児島,2025-08-19 12:00:00,31.7,0.0,2.8,南,1011.0,15
鹿児島,2025-08-19 13:00:00,30.9,0.0,4.0,南,1010.5,4
鹿児島,2025-08-19 14:00:00,31.0,0.0,3.3,南南東,1009.6,4
鹿児島,2025-08-19 15:00:00,32.6,0.0,2.6,南東,1008.8,2
鹿児島,2025-08-19 16:00:00,32.1,0.0,2.4,南南東,1009.0,4
鹿児島,2025-08-19 17:00:00,31.6,0.0,2.2,南南東,1009.2,4
鹿児島,2025-08-19 18:00:00,31.0,0.0,0.6,西北西,1009.4,2
鹿児島,2025-08-19 19:00:00,30.8,0.0,1.9,南西,1009.7,4
鹿児島,2025-08-19 20:00:00,29.8,0.0,2.2,南西,1010.5,2
鹿児島,2025-08-19 21:00:00,29.7,0.0,0.8,西,1010.6,4
鹿児島,2025-08-19 22:00:00,29.4,0.0,0.9,南西,1010.4,2
鹿児島,2025-08-19 23:00:00,28.9,0.0,2.3,南,1010.1,2
鹿児島,2025-08-20 00:00:00,29.1,0.0,4.0,南南東,1009.7,2
鹿児島,2025-08-20 01:00:00,29.0,0.0,2.9,南南東,1009.4,2
鹿児島,2025-08-20 02:00:00,28.2,0.0,1.8,南南西,1008.8,2
鹿児島,2025-08-20 03:00:00,27.9,0.0,0.5,西,1008.7,2
鹿児島,2025-08-20 04:00:00,27.9,0.0,3.5,北北東,1008.6,2
鹿児島,2025-08-20 05:00:00,27.9,0.0,3.3,北北東,1008.6,2
鹿児島,2025-08-20 06:00:00,27.7,0.0,3.3,北北東,1008.9,2
鹿児島,2025-08-20 07:00:00,28.1,0.0,2.7,北北東,1009.3,2
鹿児島,2025-08-20 08:00:00,28.9,0.0,3.0,北北東,1009.2,2
鹿児島,2025-08-20 09:00:00,31.0,0.0,2.2,東北東,1009.2,15
鹿児島,2025-08-20 10:00:00,30.3,0.0,2.4,南東,1009.7,4
鹿児島,2025-08-20 11:00:00,25.7,0.5,8.3,南,1010.6,10
鹿児島,2025-08-20 12:00:00,26.3,2.5,4.4,南南東,1009.9,10
鹿児島,2025-08-20 13:00:00,27.5,0.0,2.9,南南東,1009.2,10
鹿児島,2025-08-20 14:00:00,28.9,0.0,2.1,南南東,1008.5,4
鹿児島,2025-08-20 15:00:00,28.6,0.0,3.7,南南東,1007.9,10
鹿児島,2025-08-20 16:00:00,28.0,0.0,2.3,南,1007.3,4
鹿児島,2025-08-20 17:00:00,28.5,0.0,2.9,南南東,1007.4,4
鹿児島,2025-08-20 18:00:00,29.0,0.0,5.0,南東,1007.5,4
鹿児島,2025-08-20 19:00:00,29.0,0.0,5.1,南東,1007.6,10
鹿児島,2025-08-20 20:00:00,28.2,0.0,3.8,南東,1007.9,10
鹿児島,2025-08-20 21:00:00,28.8,0.0,3.2,南東,1008.0,10
鹿児島,2025-08-20 22:00:00,27.8,0.5,1.9,南南西,1008.4,4
鹿児島,2025-08-20 23:00:00,26.9,12.5,3.1,南南東,1007.9,10
鹿児島,2025-08-21 00:00:00,28.5,0.0,4.5,南東,1007.9,4
鹿児島,2025-08-21 01:00:00,28.5,0.0,5.7,南南東,1007.5,10
鹿児島,2025-08-21 02:00:00,28.8,0.0,5.3,南南東,1007.8,10
鹿児島,2025-08-21 03:00:00,28.2,0.0,5.2,南東,1007.7,15
鹿児島,2025-08-21 04:00:00,28.8,0.0,6.4,南南東,1007.4,4
鹿児島,2025-08-21 05:00:00,28.7,0.5,4.5,南,1007.4,10
鹿児島,2025-08-21 06:00:00,25.7,2.5,5.4,南西,1007.8,10
鹿児島,2025-08-21 07:00:00,25.5,3.5,3.0,南,1007.8,10
鹿児島,2025-08-21 08:00:00,26.0,5.0,5.4,南,1007.9,15
鹿児島,2025-08-21 09:00:00,25.9,4.0,7.6,南南東,1007.8,10
鹿児島,2025-08-21 10:00:00,26.0,6.5,8.8,南南東,1007.7,10
鹿児島,2025-08-21 11:00:00,26.1,8.0,7.3,南南東,1007.1,10
鹿児島,2025-08-21 12:00:00,25.9,10.0,9.1,南,1005.9,10
鹿児島,2025-08-21 13:00:00,26.4,0.0,9.5,南南東,1005.5,10
鹿児島,2025-08-21 14:00:00,26.2,2.5,12.4,南南東,1004.5,15
鹿児島,2025-08-21 15:00:00,25.6,20.0,11.2,南南東,1003.4,15
鹿児島,2025-08-21 16:00:00,24.8,24.5,14.2,南南東,1002.0,15
鹿児島,2025-08-21 17:00:00,25.3,55.5,20.6,南南東,998.2,15
鹿児島,2025-08-21 18:00:00,25.7,28.5,10.3,南南西,998.8,15
鹿児島,2025-08-21 19:00:00,25.5,2.0,4.5,西南西,1001.0,15
鹿児島,2025-08-21 20:00:00,25.3,2.5,6.8,西,1001.9,10
鹿児島,2025-08-21 21:00:00,25.1,0.0,6.4,西,1003.0,10
鹿児島,2025-08-21 22:00:00,25.2,0.0,5.4,西,1004.0,4
鹿児島,2025-08-21 23:00:00,25.5,0.0,5.3,西北西,1004.4,4
鹿児島,2025-08-22 00:00:00,25.5,0.0,4.5,西北西,1004.7,4
鹿児島,2025-08-22 01:00:00,26.1,0.0,5.5,西北西,1004.9,4
鹿児島,2025-08-22 02:00:00,26.5,0.0,5.4,西北西,1004.5,4
鹿児島,2025-08-22 03:00:00,26.7,0.0,4.9,西,1004.4,15
鹿児島,2025-08-22 04:00:00,25.2,2.5,4.2,西南西,1004.7,10
鹿児島,2025-08-22 05:00:00,25.5,0.0,2.2,北東,1005.0,15
鹿児島,2025-08-22 06:00:00,25.9,0.0,2.4,東南東,1005.7,15
鹿児島,2025-08-22 07:00:00,26.2,0.5,0.8,南,1006.3,15
鹿児島,2025-08-22 08:00:00,26.8,0.0,1.0,西,1006.6,15
鹿児島,2025-08-22 09:00:00,27.8,0.0,1.1,南西,1006.8,4
鹿児島,2025-08-22 10:00:00,27.8,0.0,3.9,西,1007.0,10
鹿児島,2025-08-22 11:00:00,28.7,0.0,4.3,西北西,1007.2,10
鹿児島,2025-08-22 12:00:00,28.5,0.5,3.4,西南西,1007.3,10
鹿児島,2025-08-22 13:00:00,29.1,0.5,4.4,西北西,1006.6,10
鹿児島,2025-08-22 14:00:00,30.6,0.0,4.0,西,1006.4,4
鹿児島,2025-08-22 15:00:00,30.7,0.0,4.4,西北西,1006.4,10
鹿児島,2025-08-22 16:00:00,31.4,0.0,3.9,西,1006.2,4
鹿児島,2025-08-22 17:00:00,30.9,0.0,3.9,西,1006.5,2
鹿児島,2025-08-22 18:00:00,29.6,0.0,4.2,西北西,1006.7,2
鹿児島,2025-08-22 19:00:00,29.3,0.0,2.6,西北西,1007.0,2
鹿児島,2025-08-22 20:00:00,28.7,0.0,0.9,北北西,1007.6,2
鹿児島,2025-08-22 21:00:00,28.5,0.0,1.9,西南西,1007.9,2
鹿児島,2025-08-22 22:00:00,28.2,0.0,1.9,西南西,1008.4,2
鹿児島,2025-08-22 23:00:00,28.2,0.0,1.0,西,1008.3,4
鹿児島,2025-08-23 00:00:00,28.1,0.0,0.4,南南東,1008.2,4
鹿児島,2025-08-23 01:00:00,27.9,0.0,0.8,南東,1007.9,4
鹿児島,2025-08-23 02:00:00,27.9,0.0,1.4,南東,1007.9,4
鹿児島,2025-08-23 03:00:00,27.8,0.0,1.1,南南東,1007.9,4
鹿児島,2025-08-23 04:00:00,27.8,0.0,1.0,南南東,1008.0,2
鹿児島,2025-08-23 05:00:00,27.5,0.0,0.7,南南西,1008.3,4
鹿児島,2025-08-23 06:00:00,26.9,1.0,2.0,北北西,1008.9,10
鹿児島,2025-08-23 07:00:00,25.0,11.5,5.4,北北西,1009.3,10
鹿児島,2025-08-23 08:00:00,25.6,28.0,1.5,西北西,1009.5,10
鹿児島,2025-08-23 09:00:00,27.7,0.0,0.3,南南西,1009.6,4
鹿児島,2025-08-23 10:00:00,27.6,0.0,2.4,南南東,1010.2,10
鹿児島,2025-08-23 11:00:00,26.7,0.5,0.7,南南東,1010.1,10
鹿児島,2025-08-23 12:00:00,27.8,0.0,1.5,南南東,1009.8,4
鹿児島,2025-08-23 13:00:00,28.4,0.0,3.3,南東,1009.4,4
鹿児島,2025-08-23 14:00:00,28.8,0.0,3.6,南東,1008.9,2
鹿児島,2025-08-23 15:00:00,29.9,0.0,3.5,南南東,1008.4,2
鹿児島,2025-08-23 16:00:00,32.1,0.0,3.6,西,1008.0,4
鹿児島,2025-08-23 17:00:00,31.3,0.0,3.9,西北西,1008.2,2
鹿児島,2025-08-23 18:00:00,30.6,0.0,3.9,西北西,1008.4,2
鹿児島,2025-08-23 19:00:00,29.4,0.0,2.3,西北西,1008.6,4
鹿児島,2025-08-23 20:00:00,28.8,0.0,3.1,西北西,1009.2,2
鹿児島,2025-08-23 21:00:00,28.6,0.0,0.8,北西,1009.5,2
鹿児島,2025-08-23 22:00:00,28.2,0.0,1.7,北北西,1009.7,2
鹿児島,2025-08-23 23:00:00,27.9,0.0,2.1,北北西,1009.8,2
鹿児島,2025-08-24 00:00:00,27.6,0.0,1.7,北北西,1009.9,2
鹿児島,2025-08-24 01:00:00,27.2,0.0,1.4,北北西,1009.7,2
鹿児島,2025-08-24 02:00:00,27.0,0.0,1.9,北北西,1009.6,2
鹿児島,2025-08-24 03:00:00,27.0,0.0,1.5,北北西,1009.7,2
鹿児島,2025-08-24 04:00:00,26.8,0.0,1.1,北,1009.6,4
鹿児島,2025-08-24 05:00:00,26.6,0.0,1.5,北,1009.6,4
鹿児島,2025-08-24 06:00:00,26.4,0.0,1.0,北,1010.1,2
鹿児島,2025-08-24 07:00:00,27.2,0.0,1.3,北北西,1010.4,4
鹿児島,2025-08-24 08:00:00,28.5,0.0,1.2,北北西,1010.8,2
鹿児島,2025-08-24 09:00:00,30.0,0.0,1.2,西,1010.7,2
鹿児島,2025-08-24 10:00:00,31.1,0.0,2.2,南東,1010.8,2
鹿児島,2025-08-24 11:00:00,31.3,0.0,1.3,南西,1010.7,2
鹿児島,2025-08-24 12:00:00,30.8,0.0,2.2,西南西,1010.4,4
鹿児島,2025-08-24 13:00:00,32.6,0.0,3.3,北西,1009.9,2
鹿児島,2025-08-24 14:00:00,34.6,0.0,3.7,西,1009.3,2
鹿児島,2025-08-24 15:00:00,32.7,0.0,4.2,西北西,1009.0,4
鹿児島,2025-08-24 16:00:00,32.0,0.0,3.6,西北西,1008.8,15
鹿児島,2025-08-24 17:00:00,31.6,0.0,4.8,西北西,1008.9,2
鹿児島,2025-08-24 18:00:00,30.7,0.0,4.1,西北西,1008.9,2
鹿児島,2025-08-24 19:00:00,30.1,0.0,2.6,西北西,1009.1,4
鹿児島,2025-08-24 20:00:00,29.5,0.0,0.8,北西,1009.6,4
鹿児島,2025-08-24 21:00:00,29.4,0.0,2.5,西北西,1010.1,2
鹿児島,2025-08-24 22:00:00,29.2,0.0,1.6,北北西,1010.1,2
鹿児島,2025-08-24 23:00:00,28.1,0.0,2.5,北東,1010.2,2
鹿児島,2025-08-25 00:00:00,28.0,0.0,1.8,北北東,1010.2,2
鹿児島,2025-08-25 01:00:00,27.8,0.0,2.2,北東,1010.0,2
鹿児島,2025-08-25 02:00:00,27.8,0.0,0.8,北,1010.1,2
鹿児島,2025-08-25 03:00:00,27.6,0.0,2.0,北北西,1010.2,2
鹿児島,2025-08-25 04:00:00,27.4,0.0,1.1,北北西,1010.1,2
鹿児島,2025-08-25 05:00:00,27.3,0.0,1.9,北東,1009.9,2
鹿児島,2025-08-25 06:00:00,27.2,0.0,1.3,北北東,1010.3,2
鹿児島,2025-08-25 07:00:00,27.7,0.0,0.9,北北東,1010.6,2
鹿児島,2025-08-25 08:00:00,28.6,0.0,0.5,西南西,1010.9,2
鹿児島,2025-08-25 09:00:00,30.1,0.0,2.4,東,1010.8,2
鹿児島,2025-08-25 10:00:00,30.3,0.0,2.0,東南東,1010.7,2
鹿児島,2025-08-25 11:00:00,31.2,0.0,2.6,南南東,1010.5,10
鹿児島,2025-08-25 12:00:00,31.8,0.0,2.2,南東,1010.0,2
鹿児島,2025-08-25 13:00:00,30.9,0.0,4.1,南,1009.6,2
鹿児島,2025-08-25 14:00:00,33.1,0.0,2.5,西北西,1009.2,2
鹿児島,2025-08-25 15:00:00,32.6,0.0,3.2,西南西,1009.1,2
鹿児島,2025-08-25 16:00:00,32.6,0.0,4.6,西北西,1008.5,15
鹿児島,2025-08-25 17:00:00,32.2,0.0,3.8,西,1008.3,2
鹿児島,2025-08-25 18:00:00,30.8,0.0,3.8,西北西,1008.7,2
鹿児島,2025-08-25 19:00:00,29.9,0.0,3.3,西北西,1009.2,2
鹿児島,2025-08-25 20:00:00,29.4,0.0,2.2,西,1009.3,2
鹿児島,2025-08-25 21:00:00,29.0,0.0,1.2,西北西,1009.8,2
鹿児島,2025-08-25 22:00:00,28.8,0.0,1.9,北西,1010.2,2
鹿児島,2025-08-25 23:00:00,28.1,0.0,2.4,北北西,1010.1,2
鹿児島,2025-08-26 00:00:00,28.2,0.0,0.8,南南西,1010.0,2
鹿児島,2025-08-26 01:00:00,28.1,0.0,1.1,南南東,1009.7,2
鹿児島,2025-08-26 02:00:00,27.7,0.0,0.5,東,1009.8,2
鹿児島,2025-08-26 03:00:00,27.0,0.0,1.4,北北西,1009.9,2
鹿児島,2025-08-26 04:00:00,27.0,0.0,0.8,北,1009.8,2
鹿児島,2025-08-26 05:00:00,26.8,0.0,2.0,北北西,1009.9,2
鹿児島,2025-08-26 06:00:00,26.5,0.0,1.2,北,1009.9,2
鹿児島,2025-08-26 07:00:00,27.2,0.0,1.4,北北西,1010.1,2
鹿児島,2025-08-26 08:00:00,28.5,0.0,0.4,東北東,1010.2,2
鹿児島,2025-08-26 09:00:00,29.7,0.0,2.8,東南東,1010.3,2
鹿児島,2025-08-26 10:00:00,30.5,0.0,2.6,東南東,1010.6,2
鹿児島,2025-08-26 11:00:00,28.8,1.0,2.4,南,1010.4,10
鹿児島,2025-08-26 12:00:00,29.7,0.0,2.6,南東,1009.9,2
鹿児島,2025-08-26 13:00:00,31.0,0.0,1.7,西,1009.7,2
鹿児島,2025-08-26 14:00:00,31.3,0.0,2.5,南南東,1009.1,2
鹿児島,2025-08-26 15:00:00,31.1,0.0,4.1,南南東,1008.3,2
鹿児島,2025-08-26 16:00:00,31.1,0.0,4.3,南南東,1007.8,2
鹿児島,2025-08-26 17:00:00,31.8,0.0,2.8,西南西,1007.9,2
鹿児島,2025-08-26 18:00:00,30.5,0.0,2.8,南,1007.6,2
鹿児島,2025-08-26 19:00:00,29.9,0.0,3.2,西,1008.0,2
鹿児島,2025-08-26 20:00:00,29.2,0.0,2.7,西北西,1008.6,2
鹿児島,2025-08-26 21:00:00,28.9,0.0,2.0,西北西,1009.3,2
鹿児島,2025-08-26 22:00:00,28.6,0.0,0.9,西北西,1009.3,2
鹿児島,2025-08-26 23:00:00,28.4,0.0,0.7,南西,1009.2,2
鹿児島,2025-08-27 00:00:00,27.9,0.0,1.1,西北西,1009.3,2
鹿児島,2025-08-27 01:00:00,27.8,0.0,1.3,北北西,1009.0,2
鹿児島,2025-08-27 02:00:00,27.3,0.0,2.0,北北西,1008.8,2
鹿児島,2025-08-27 03:00:00,27.2,0.0,1.6,北北西,1008.5,2
鹿児島,2025-08-27 04:00:00,27.0,0.0,1.8,北北西,1008.4,2
鹿児島,2025-08-27 05:00:00,26.7,0.0,1.3,北,1008.4,2
鹿児島,2025-08-27 06:00:00,26.6,0.0,2.1,北北西,1008.5,2
鹿児島,2025-08-27 07:00:00,27.0,0.0,2.0,北北西,1009.3,2
鹿児島,2025-08-27 08:00:00,28.4,0.0,1.7,北東,1008.9,2
鹿児島,2025-08-27 09:00:00,30.1,0.0,1.7,南東,1008.9,2
鹿児島,2025-08-27 10:00:00,30.8,0.0,2.0,南南東,1008.9,2
鹿児島,2025-08-27 11:00:00,31.4,0.0,2.5,南東,1008.6,2
鹿児島,2025-08-27 12:00:00,31.2,0.0,3.0,北西,1008.3,10
鹿児島,2025-08-27 13:00:00,31.6,0.0,3.0,南東,1007.8,4
鹿児島,2025-08-27 14:00:00,32.5,0.0,4.5,南,1007.4,2
鹿児島,2025-08-27 15:00:00,33.0,0.0,3.5,西北西,1007.5,15
鹿児島,2025-08-27 16:00:00,33.0,0.0,4.7,西北西,1007.5,15
鹿児島,2025-08-27 17:00:00,32.0,0.0,5.4,西,1007.9,15
鹿児島,2025-08-27 18:00:00,31.4,0.0,5.2,西北西,1007.9,4
鹿児島,2025-08-27 19:00:00,30.5,0.0,4.4,西北西,1009.1,15
鹿児島,2025-08-27 20:00:00,30.1,0.0,2.6,西北西,1009.4,4
鹿児島,2025-08-27 21:00:00,29.6,0.0,3.0,北西,1009.8,4
鹿児島,2025-08-27 22:00:00,29.3,0.0,2.5,北西,1009.8,4
鹿児島,2025-08-27 23:00:00,29.0,0.0,1.3,北西,1009.6,2
鹿児島,2025-08-28 00:00:00,28.5,0.0,2.8,北北西,1009.5,2
鹿児島,2025-08-28 01:00:00,28.3,0.0,1.3,北北西,1009.2,2
鹿児島,2025-08-28 02:00:00,28.0,0.0,1.5,北北東,1009.2,2
鹿児島,2025-08-28 03:00:00,28.0,0.0,1.7,北,1009.1,2
鹿児島,2025-08-28 04:00:00,27.7,0.0,1.3,北北西,1009.0,2
鹿児島,2025-08-28 05:00:00,27.4,0.0,1.8,北北西,1009.1,2
鹿児島,2025-08-28 06:00:00,27.0,0.0,1.8,北北西,1009.5,2
鹿児島,2025-08-28 07:00:00,27.5,0.0,1.4,北,1010.4,2
鹿児島,2025-08-28 08:00:00,28.2,0.0,2.6,北東,1010.4,2
鹿児島,2025-08-28 09:00:00,30.1,0.0,1.5,東北東,1010.3,2
鹿児島,2025-08-28 10:00:00,30.6,0.0,2.1,東南東,1010.4,2
鹿児島,2025-08-28 11:00:00,31.4,0.0,2.6,東南東,1010.1,2
鹿児島,2025-08-28 12:00:00,32.6,0.0,2.3,南東,1009.6,2
鹿児島,2025-08-28 13:00:00,32.7,0.0,2.9,南南東,1009.0,15
鹿児島,2025-08-28 14:00:00,32.2,0.0,4.3,南南東,1008.8,15
鹿児島,2025-08-28 15:00:00,31.2,0.0,3.3,南東,1008.7,15
鹿児島,2025-08-28 16:00:00,30.9,0.0,2.8,東南東,1008.8,4
鹿児島,2025-08-28 17:00:00,30.7,0.0,1.4,東南東,1009.1,4
鹿児島,2025-08-28 18:00:00,30.1,0.0,2.8,北西,1009.6,4
鹿児島,2025-08-28 19:00:00,30.0,0.0,2.6,北西,1009.8,4
鹿児島,2025-08-28 20:00:00,29.5,0.0,2.1,北,1010.8,15
鹿児島,2025-08-28 21:00:00,29.4,0.0,1.1,西北西,1011.0,2
鹿児島,2025-08-28 22:00:00,28.5,0.0,2.0,南東,1011.2,2
鹿児島,2025-08-28 23:00:00,28.5,0.0,0.9,南東,1011.5,2
